rank	molecularFormula	adduct	precursorFormula	SiriusScore	TreeScore	IsotopeScore	numExplainedPeaks	explainedIntensity	medianMassErrorFragmentPeaks(ppm)	medianAbsoluteMassErrorFragmentPeaks(ppm)	massErrorPrecursor(ppm)
1	C6H13FN4	[M + Na]+	C6H13FN4	53.600507058308146	53.600507058308146	0.0	20	0.3400857621028723	-4.561994271978007	7.225714471544592	6.8302709347489685
2	C11H14N	[M + Na]+	C11H14N	23.22361476337909	20.17418871376414	3.049426049614951	11	0.20196478583487334	-7.280659947997744	7.621158008340214	5.739015665751039
3	C7H17N2P	[M + Na]+	C7H17N2P	22.8708121596375	20.19144878601572	2.679363373621781	16	0.24577239441888382	-3.4074171311541215	8.167990213555928	4.0420135605034435
