mz	intensity	rel.intensity	exactmass	formula	ionization
63.997848	2286229.25	0.20	63.997737	CH3OS	[M + H]+
79.021238	944412480.00	100.00	79.021212	C2H6OS	[M + H]+
97.031777	0.00	0.00	97.031777	C2H8O2S	[M + H]+
