inchikey2D	inchi	molecularFormula	rank	score	name	smiles	xlogp	PubMedIds	links	tanimotoSimilarity	dbflags
YLWHXWGJGQMMKY	InChI=1S/C6H13FN4/c7-3-4-9-6(11-8)10-5-1-2-5/h5H,1-4,8H2,(H2,9,10,11)	C6H13FN4	1	-156.42855375188202	null	C1CC1NC(=NCCF)NN	-0.400000006		PubChem:(130505161)	0.26665096275501465	2
CSIBAOQOTXYGLS	InChI=1S/C6H13FN4/c1-5(2)9-6-3-4-8-11(7)10-6/h3-6,8-10H,1-2H3	C6H13FN4	2	-184.9566474973219	2-fluoro-N-propan-2-yl-3,4-dihydro-1H-triazin-4-amine	CC(C)NC1C=CNN(N1)F	0.899999976		PubChem:(20065355)	0.27043082183280115	2
NTQNBICRVGTWMI	InChI=1S/C6H13FN4/c7-3-1-9-2-4-5(3)6(8)11-10-4/h3-6,9-11H,1-2,8H2	C6H13FN4	3	-230.36900286014912	null	C1C2C(C(CN1)F)C(NN2)N	-1.39999998		PubChem:(134350992)	0.23666310884711847	2
