rank	formulaRank	#adducts	#predictedFPs	ConfidenceScore	CSI:FingerIDScore	ZodiacScore	SiriusScore	molecularFormula	adduct	InChIkey2D	InChI	name	smiles	xlogp	pubchemids	links	dbflags	ionMass	retentionTimeInSeconds	id
1	1	1	1	0.034265549990680794	-86.6080472042537	N/A	14.094924800334212	C5H12OS	[M + H]+	GMOCZOATOVWMFP	InChI=1S/C5H12OS/c1-3-6-5-7-4-2/h3-5H2,1-2H3	ethylsulfanylmethoxyethane	CCOCSCC	1.60000002	547812	PubChem:(547812)	2	121.06863536355	300.52015750398	2_GermB_temp__5832659655302041425-1540--1539--UNKNOWN
2	2	1	2	N/A	-124.42064866232322	N/A	3.4961914855165683	C10H23ClN2	[M + Na]+	GUJOBTIZNKGILU	InChI=1S/C10H23ClN2/c1-12(2)8-6-10-13(3)9-5-4-7-11/h4-10H2,1-3H3	null	CN(C)CCCN(C)CCCCCl	2.0	63699929	PubChem:(63699929)	2	229.142103282564	406.24597043202	3_GermB_temp__2859362645154245752-2173--2172--UNKNOWN
3	1	1	1	N/A	-88.36746313207655	N/A	8.785353046301113	C2H8O2S	[M - H2O + H]+	WPJCGITZOQYVOX	InChI=1S/C2H8O2S/c1-5(2,3)4/h3-4H,1-2H3	dihydroxy(dimethyl)-$l^{4}-sulfane	CS(C)(O)O	-0.100000001	23381950	PubChem:(23381950)	2	79.021237711127	53.18508721602	0_GermB_temp__830237076918780334-39--38--UNKNOWN
4	1	1	1	N/A	-156.42855375188202	N/A	53.600507058308146	C6H13FN4	[M + Na]+	YLWHXWGJGQMMKY	InChI=1S/C6H13FN4/c7-3-4-9-6(11-8)10-5-1-2-5/h5H,1-4,8H2,(H2,9,10,11)	null	C1CC1NC(=NCCF)NN	-0.400000006	130505161	PubChem:(130505161)	2	183.102895978479	418.42314265602	4_GermB_temp__5751058186798074132-2229--2228--UNKNOWN
