rank	molecularFormula	adduct	precursorFormula	SiriusScore	TreeScore	IsotopeScore	numExplainedPeaks	explainedIntensity	medianMassErrorFragmentPeaks(ppm)	medianAbsoluteMassErrorFragmentPeaks(ppm)	massErrorPrecursor(ppm)	ionMass	retentionTimeInSeconds	id
1	C6H13FN4	[M + Na]+	C6H13FN4	53.600507058308146	53.600507058308146	0.0	20	0.3400857621028723	-4.561994271978007	7.225714471544592	6.8302709347489685	183.10290	418.42314265602	4_GermB_temp__5751058186798074132-2229--2228--UNKNOWN
2	C5H12OS	[M + H]+	C5H12OS	14.094924800334212	11.656117968152074	2.4388068321821375	4	0.09226210070794039	3.687209777583062	4.694263841069473	3.906110431060473	121.06864	300.52015750398	2_GermB_temp__5832659655302041425-1540--1539--UNKNOWN
3	CH4O4	[M + H]+	CH4O4	10.294010124587423	8.832050768656597	1.4619593559308268	2	0.008202203851234918	-13.84794481851016	13.84794481851016	-11.453751113920198	81.01731	262.34773577598	1_GermB_temp__11703646675002937414-1287--1286--UNKNOWN
3	CH6O5	[M - H2O + H]+	CH4O4	10.294010124587423	8.832050768656597	1.4619593559308268	3	0.008202203851234918	-13.84794481851016	13.84794481851016	-222316.60467382753	81.01731	262.34773577598	1_GermB_temp__11703646675002937414-1287--1286--UNKNOWN
4	C2H8O2S	[M - H2O + H]+	C2H6OS	8.785353046301113	3.65342315369848	5.131929892602633	3	0.3116274929637933	1.0283445801130562	1.0283445801130562	-227920.23712414553	79.02124	53.18508721602	0_GermB_temp__830237076918780334-39--38--UNKNOWN
4	C2H6OS	[M + H]+	C2H6OS	8.785353046301113	3.65342315369848	5.131929892602633	2	0.3116274929637933	1.0283445801130562	1.0283445801130562	0.32202781430497646	79.02124	53.18508721602	0_GermB_temp__830237076918780334-39--38--UNKNOWN
5	C10H22O4	[M + Na]+	C10H22O4	6.562922903569287	6.562922903569287	0.0	2	0.02098624576966232	1.170947920546121	3.5134747939561093	4.68442271450223	229.14210	406.24597043202	3_GermB_temp__2859362645154245752-2173--2172--UNKNOWN
