rank	molecularFormula	adduct	precursorFormula	SiriusScore	TreeScore	IsotopeScore	numExplainedPeaks	explainedIntensity	medianMassErrorFragmentPeaks(ppm)	medianAbsoluteMassErrorFragmentPeaks(ppm)	massErrorPrecursor(ppm)
1	CH4O4	[M + H]+	CH4O4	10.294010124587423	8.832050768656597	1.4619593559308268	2	0.008202203851234918	-13.84794481851016	13.84794481851016	-11.453751113920198
1	CH6O5	[M - H2O + H]+	CH4O4	10.294010124587423	8.832050768656597	1.4619593559308268	3	0.008202203851234918	-13.84794481851016	13.84794481851016	-222316.60467382753
2	C2H5FS	[M + H]+	C2H5FS	1.7710328144243004	1.7710328144243004	0.0	2	0.008202203851234918	4.838725806960927	4.838725806960927	5.3232567689274655
2	C2H7FOS	[M - H2O + H]+	C2H5FS	1.7710328144243004	1.7710328144243004	0.0	3	0.008202203851234918	4.838725806960927	4.838725806960927	-222299.8276659447
3	C2H4NO	[M + Na]+	C2H4NO	0.3769904461589393	-1.1001422567261552	1.4771327028850945	2	0.008202203851234918	-17.620231866556452	17.620231866556452	-14.840533639811772
4	H2N4	[M + Na]+	H2N4	-0.05756895721977846	-0.05756895721977846	0.0	1	0.0	1.7322709611055656	1.7322709611055656	1.7322709611055656
5	CB2O3	[M + H]+	CB2O3	-1.8720215749753062	-1.8720215749753062	0.0	1	0.0	-7.247884340972948	7.247884340972948	-7.247884340972948
