rank	molecularFormula	adduct	precursorFormula	SiriusScore	TreeScore	IsotopeScore	numExplainedPeaks	explainedIntensity	medianMassErrorFragmentPeaks(ppm)	medianAbsoluteMassErrorFragmentPeaks(ppm)	massErrorPrecursor(ppm)
1	C10H22O4	[M + Na]+	C10H22O4	6.562922903569287	6.562922903569287	0.0	2	0.02098624576966232	1.170947920546121	3.5134747939561093	4.68442271450223
2	C10H23ClN2	[M + Na]+	C10H23ClN2	3.4961914855165683	3.4961914855165683	0.0	4	0.05640472014198239	-6.29237391710315	6.29237391710315	-9.137707547190242
3	C11H18N4	[M + Na]+	C11H18N4	2.522195945539397	2.522195945539397	0.0	4	0.05640472014198239	-2.894783580213023	2.894783580213023	-1.1520952401792977
4	C13H20NO	[M + Na]+	C13H20NO	1.3097419672134478	1.3097419672134478	0.0	4	0.05640472014198239	-5.229374160530774	5.229374160530774	-7.011708034045492
5	C9H23N2OP	[M + Na]+	C9H23N2OP	0.6102713680044127	0.6102713680044127	0.0	4	0.05640472014198239	-5.907394470979975	5.907394470979975	-8.367748654943894
