mz	intensity	rel.intensity	exactmass	formula	ionization
65.993688	51274.01	0.13	65.995034	CHNO	[M + Na]+
81.017307	34801080.00	100.00	81.018509	C2H4NO	[M + Na]+
