mz	intensity	rel.intensity	exactmass	formula	ionization
65.993688	51274.01	0.13	65.993401	CH2FS	[M + H]+
81.017307	34801080.00	100.00	81.016876	C2H5FS	[M + H]+
