mz	intensity	rel.intensity	exactmass	formula	ionization
65.993688	51274.01	0.13	65.994760	HO4	[M + H]+
81.017307	34801080.00	100.00	81.018235	CH4O4	[M + H]+
