rank	molecularFormula	adduct	precursorFormula	SiriusScore	TreeScore	IsotopeScore	numExplainedPeaks	explainedIntensity	medianMassErrorFragmentPeaks(ppm)	medianAbsoluteMassErrorFragmentPeaks(ppm)	massErrorPrecursor(ppm)
1	C2H8O2S	[M - H2O + H]+	C2H6OS	8.785353046301113	3.65342315369848	5.131929892602633	3	0.3116274929637933	1.0283445801130562	1.0283445801130562	-227920.23712414553
1	C2H6OS	[M + H]+	C2H6OS	8.785353046301113	3.65342315369848	5.131929892602633	2	0.3116274929637933	1.0283445801130562	1.0283445801130562	0.32202781430497646
2	C2H2B2S	[M + H]+	C2H2B2S	-3.3758554154332443	-3.3758554154332443	0.0	1	0.0	4.634134405762469	4.634134405762469	4.634134405762469
