mz	intensity	rel.intensity	exactmass	formula	ionization
134.106282	8957.28	1.70	134.106596	C8H15	[M + Na]+
229.142103	449036.88	100.00	229.141030	C10H22O4	[M + Na]+
