mz	intensity	rel.intensity	exactmass	formula	ionization
110.092991	7786.46	1.48	110.094020	C5H13N	[M + Na]+
134.106282	8957.28	1.70	134.106596	C8H15	[M + Na]+
163.132583	7330.73	1.39	163.133145	C9H18N	[M + Na]+
229.142103	449036.88	100.00	229.143710	C13H20NO	[M + Na]+
