rank	molecularFormula	adduct	precursorFormula	SiriusScore	TreeScore	IsotopeScore	numExplainedPeaks	explainedIntensity	medianMassErrorFragmentPeaks(ppm)	medianAbsoluteMassErrorFragmentPeaks(ppm)	massErrorPrecursor(ppm)
1	C5H12OS	[M + H]+	C5H12OS	14.094924800334212	11.656117968152074	2.4388068321821375	4	0.09226210070794039	3.687209777583062	4.694263841069473	3.906110431060473
2	C5H8B2S	[M + H]+	C5H8B2S	8.513833337936621	8.513833337936621	0.0	5	0.11098179039602617	6.720613121836393	9.794501590379495	6.720613121836393
3	C5H8F2N	[M + H]+	C5H8F2N	1.2581882667086184	1.2581882667086184	0.0	3	0.07404757100284498	-14.698028119731914	14.698028119731914	-9.265690797300723
4	C5H6BN2O	[M + H]+	C5H6BN2O	-1.3032802579913483	-1.3032802579913483	0.0	2	0.05225427685090698	4.02700641745048	4.02700641745048	3.3790705433021424
5	CH8B2O5	[M + H]+	CH8B2O5	-2.279096864646737	-2.279096864646737	0.0	1	0.0	-13.946176360737185	13.946176360737185	-13.946176360737185
