mz	intensity	rel.intensity	exactmass	formula	ionization
65.005788	8414.53	1.76	65.005562	CH4OS	[M + H]+
79.021645	11768.37	4.22	79.021212	C2H6OS	[M + H]+
87.078980	7032.74	1.47	87.080441	C5H10O	[M + H]+
121.068635	217173.17	100.00	121.068162	C5H12OS	[M + H]+
