mz	intensity	rel.intensity	exactmass	formula	ionization
79.021645	11768.37	4.22	79.021276	C2BN2O	[M + H]+
121.068635	217173.17	100.00	121.068226	C5H6BN2O	[M + H]+
