mz	intensity	rel.intensity	exactmass	formula	ionization
62.070952	7227.79	1.51	62.072276	C3H5B2	[M + H]+
65.005788	8414.53	1.76	65.005221	CB2S	[M + H]+
79.021645	11768.37	4.22	79.020872	C2H2B2S	[M + H]+
87.078980	7032.74	1.47	87.080101	C5H6B2	[M + H]+
121.068635	217173.17	100.00	121.067822	C5H8B2S	[M + H]+
