mz	intensity	rel.intensity	exactmass	formula	ionization
65.005788	8414.53	1.76	65.007157	CF2N	[M + H]+
79.021645	11768.37	4.22	79.022807	C2H2F2N	[M + H]+
121.068635	217173.17	100.00	121.069757	C5H8F2N	[M + H]+
